ID,Count
18288,483.5891540037269
18289,385.92944498150723
18290,326.6151796109193
18291,269.87045427884283
18292,227.15077691616648
18293,203.33741421812238
18294,218.64293531708194
18295,253.56805477029377
18296,291.999436215856
18297,377.32707180909966
18298,535.5729255520733
18299,593.7528120427835
18300,600.0434585584705
18301,530.6916588568411
18302,567.4386595413725
18303,560.2714475275982
18304,545.9713986176216
18305,558.6901921192832
18306,572.4402391481068
18307,607.4169212776769
18308,583.7066839323485
18309,544.82842595835
18310,546.8049952187434
18311,533.8799510116497
18312,370.27549794989227
18313,295.4992191842083
18314,250.08335540026326
18315,206.63494210478524
18316,173.92525522127454
18317,155.69179266762157
18318,167.41095427283858
18319,194.1524886712668
18320,223.57870467268717
18321,288.9125371141231
18322,410.0785347550335
18323,454.62582507918717
18324,459.4424597198491
18325,406.34103683714295
18326,434.47755285281244
18327,428.9897478114026
18328,418.04045813645564
18329,427.77900904926895
18330,438.30717219825647
18331,465.0881872084936
18332,446.9336858784577
18333,417.1653045746955
18334,418.67872802736247
18335,408.78225466731453
18336,364.11973604319246
18337,290.5865991297216
18338,245.92576571043463
18339,203.19967427787145
18340,171.03377990996714
18341,153.10344531059812
18342,164.6277780141263
18343,190.92473933200245
18344,219.8617499160436
18345,284.10941943503815
18346,403.26105469767924
18347,447.06775453085413
18348,451.8043135083851
18349,399.58569199380287
18350,427.2544436166474
18351,421.8578723225752
18352,411.090612570374
18353,420.6672618692067
18354,431.02039624632323
18355,457.35618181811384
18356,439.50349572657274
18357,410.2300082752756
18358,411.7182713419862
18359,401.98632502749695
18360,511.5477081747094
18361,408.2418339264617
18362,345.49833304108637
18363,285.472929339821
18364,240.283427325738
18365,215.09330258604274
18366,231.28370755226348
18367,268.22801175367823
18368,308.8812913768889
18369,399.1421172666155
18370,566.5369050532427
18371,628.0804433021549
18372,634.734781558906
18373,561.3734294660371
18374,600.2449463866207
18375,592.6633642744207
18376,577.5365625541565
18377,590.9906890841992
18378,605.5356907382993
18379,642.5345386959171
18380,617.4535014686271
18381,576.3275092916585
18382,578.4183532794356
18383,564.7460517245819
18384,505.4135609765874
18385,403.3464635402438
18386,341.35534188364
18387,282.0497237586684
18388,237.40210484313997
18389,212.51404368543922
18390,228.5103038521175
18391,265.01159600112305
18392,305.1773879524898
18393,394.3558647604324
18394,559.7433631934517
18395,620.548911384586
18396,627.1234551476452
18397,554.6418046450672
18398,593.0471996325549
18399,585.5565309189055
18400,570.6111199602575
18401,583.9039133609779
18402,598.2745008212163
18403,634.829682673198
18404,610.0494009214485
18405,569.4165648776244
18406,571.4823368250337
18407,557.9739846124102
18408,519.6449909840513
18409,414.7038892364193
18410,350.9672221946947
18411,289.9916770662527
18412,244.08687094275047
18413,218.4980120072796
18414,234.9446947081364
18415,272.47378987729996
18416,313.7705697976989
18417,405.4601332658651
18418,575.5046112296892
18419,638.022321440132
18420,644.7819911408772
18421,570.2594030465975
18422,609.7462167629719
18423,602.0446258744181
18424,586.678382183107
18425,600.3454739277826
18426,615.1207082463509
18427,652.7052105442094
18428,627.2271658661273
18429,585.4501908303753
18430,587.5741307636695
18431,573.6854105042158
18432,504.03601093123314
18433,402.2471065343301
18434,340.42494724645394
18435,281.2809719091826
18436,236.75504408825643
18437,211.93481757612858
18438,227.88747849929715
18439,264.28928309882303
18440,304.3455995774356
18441,393.281012438827
18442,558.2177323934709
18443,618.8575496028193
18444,625.4141738564742
18445,553.1300786010174
18446,591.4307962357555
18447,583.960544012329
18448,569.0558681133105
18449,582.3124308119566
18450,596.6438499456281
18451,633.0993973669056
18452,608.3866564982798
18453,567.8645688978232
18454,569.9247103982887
18455,556.4531764126378
18456,492.21187938020887
18457,392.81083094978726
18458,332.43895165844873
18459,274.68242906199725
18460,231.20103063295585
18461,206.96305939037393
18462,222.5414883990491
18463,258.08934661985444
18464,297.20598588251266
18465,384.0550715799484
18466,545.1225571306156
18467,604.3398307907668
18468,610.7426438364434
18469,540.1542541115662
18470,577.5564789521582
18471,570.2614706460183
18472,555.7064420831689
18473,568.6520203722416
18474,582.6472401442121
18475,618.2475804391627
18476,594.11457334487
18477,554.5430894396231
18478,556.5549022818439
18479,543.3993956961921
18480,378.8982378600802
18481,302.380616751146
18482,255.9071372638295
18483,211.44692499858022
18484,177.97551576481462
18485,159.31744395094108
18486,171.30951392586314
18487,198.67378814151851
18488,228.78526311504507
18489,295.6405482250952
18490,419.62818242959304
18491,465.2128616717162
18492,470.1416630314259
18493,415.80364804118466
18494,444.59538931730276
18495,438.97978776812533
18496,427.77551801053414
18497,437.740854093007
18498,448.51419039838305
18499,475.9188646251838
18500,457.3415928336002
18501,426.8799844301492
18502,428.42865152404704
18503,418.30171539699387
18504,372.74246315142375
18505,297.4679864800281
18506,251.74953892758418
18507,208.01165002744116
18508,175.08403444019123
18509,156.7290912110079
18510,168.52633187906127
18511,195.446032089599
18512,225.06830062836025
18513,290.837420557108
18514,412.81068819412644
18515,457.65477540508664
18516,462.5035009351344
18517,409.048289148953
18518,437.3722650594502
18519,431.8478974473467
18520,420.8256579910635
18521,430.6290921228537
18522,441.2273992923568
18523,468.18684315478026
18524,449.91138722936785
18525,419.944673707598
18526,421.4681803632141
18527,411.5057716238817
18528,520.17044655975
18529,415.1232302762521
18530,351.32211387457113
18531,290.28491138249643
18532,244.33368715288816
18533,218.71895322807512
18534,235.1822665157303
18535,272.74931042422503
18536,314.0878488983367
18537,405.87012718757046
18538,576.0865510387082
18539,638.6674780221017
18540,645.4339829780611
18541,570.8360389963792
18542,610.3627810615185
18543,602.653402464155
18544,587.2716207063461
18545,600.9525323659356
18546,615.7427071330594
18547,653.3652141969311
18548,627.861406582871
18549,586.0421874288281
18550,588.1682750516023
18551,574.2655107705064
18552,514.0362894284694
18553,410.2278519628539
18554,347.1791160082886
18555,286.8617002580721
18556,241.4523600045016
18557,216.13969015082125
18558,232.40885832455103
18559,269.53288946325745
18560,310.38393947612576
18561,401.083866930904
18562,569.2929981779864
18563,631.1359339085584
18564,637.822644241613
18565,564.104403274742
18566,603.1650226519839
18567,595.5465576003891
18568,580.3461668979265
18569,593.8657451669435
18570,608.4815054577728
18571,645.6603456975702
18572,620.4572940460705
18573,579.1312318237506
18574,581.2322473655573
18575,567.4934326921783
18576,528.2677281856952
18577,421.58528464179716
18578,356.79100222891566
18579,294.80365844852497
18580,248.13713021403726
18581,222.12366215172258
18582,238.84325313655944
18583,276.9950879273374
18584,318.97712660459143
18585,412.18814226345864
18586,585.0542559045479
18587,648.6093547070991
18588,655.4811910916588
18589,579.7220112782778
18590,619.8640500492838
18591,612.0346626931055
18592,596.4134389992436
18593,610.3073158423417
18594,625.3277232402856
18595,663.5358845588062
18596,637.6350695519756
18597,595.1648676342887
18598,597.3240511977432
18599,583.2048682436763
18600,512.6587404256478
18601,409.1284957889359
18602,346.24872207522714
18603,286.09294899037934
18604,240.805299739315
18605,215.56046447987012
18606,231.7860334430862
18607,268.8105771076054
18608,309.55215173057076
18609,400.00901542274914
18610,567.767368532606
18611,629.4445734068178
18612,636.1133642440295
18613,562.5926783747698
18614,601.5486204784819
18615,593.9505719016588
18616,578.7909162279973
18617,592.2742638223594
18618,606.8508558162646
18619,643.9300617007613
18620,618.7945508812701
18621,577.5792370185031
18622,579.6746221176271
18623,565.9726256433567
18624,500.834615663632
18625,399.69222562237684
18626,338.26273107250506
18627,279.49440993184965
18628,235.25128947293734
18629,210.5887091487275
18630,226.4400464123212
18631,262.6106441884264
18632,302.4125421349677
18633,390.78307986108734
18634,554.6722007885487
18635,614.9268629303385
18636,621.4418426478853
18637,549.6168613355892
18638,587.674311161039
18639,580.2515064008835
18640,565.4414978626356
18641,578.6138612259808
18642,592.8542540512191
18643,629.0782533004192
18644,604.5224759223981
18645,564.257765209037
18646,566.3048216776649
18647,552.9188524219416
18648,387.5209681633944
18649,309.2620066512959
18650,261.73091263893184
18651,216.25890253118922
18652,182.0257717958283
18653,162.94309119480513
18654,175.20806923537623
18655,203.19508257444414
18656,233.9918157566077
18657,302.36855184017224
18658,429.1778194645811
18659,475.799886468885
18660,480.84085442267394
18661,425.2662487026248
18662,454.7132145091839
18663,448.96981659462114
18664,437.51056703846734
18665,447.70268803793095
18666,458.7211972265403
18667,486.7495299750657
18668,467.7494881929567
18669,436.5946534621636
18670,438.17856415802623
18671,427.82116552073376
18672,381.3651987223834
18673,304.3493805840347
18674,257.5733178604441
18675,212.82363049969814
18676,179.13429294551548
18677,160.35474066978804
18678,172.4248895702106
18679,199.96732928459357
18680,230.27485645061762
18681,297.5654282823377
18682,422.3603310630094
18683,468.24180666989275
18684,473.2026988625426
18685,418.51089559111733
18686,447.49009643233364
18687,441.83793237677367
18688,430.56071296616017
18689,440.5909321534846
18690,451.43441235599755
18691,479.0175151211401
18692,460.3192889469311
18693,429.65934867432566
18694,431.21809895343694
18695,421.0252275630752
18696,528.7931774906899
18697,422.0046206772802
18698,357.1458896735707
18699,295.0968892653566
18700,248.38394347870923
18701,222.34460073584046
18702,239.08082210900892
18703,277.2706051862437
18704,319.29440191887045
18705,412.59813129236113
18706,585.636188768789
18707,649.254503589872
18708,656.133175148075
18709,580.2986403465771
18710,620.4806069898493
18711,612.6434320177985
18712,597.0066704428677
18713,610.914367035955
18714,625.9497147041577
18715,664.1958803351486
18716,638.2693026997906
18717,595.7568571679476
18718,597.9181883952518
18719,583.7849615871419
18720,522.6590244466178
18721,417.10924562568806
18722,353.00289456778086
18723,291.6736804218288
18724,245.50261825016014
18725,219.76533937715777
18726,236.30741576576037
18727,274.05418636838766
18728,315.59049496458624
18729,407.8118742247951
18730,578.8426404346332
18731,641.7229644946206
18732,648.5218414830861
18733,573.5670091102502
18734,613.2828533762041
18735,605.536591889346
18736,590.0812212489002
18737,603.8275845589119
18738,618.6885178670328
18739,656.4910169695659
18740,630.8651950963739
18741,588.8459061676617
18742,590.9821653307042
18743,577.012888021071
18744,536.8904596036114
18745,428.46667543145776
18746,362.614778356818
18747,299.6156366031458
18748,252.18738676860016
18749,225.7493098642495
18750,242.7418089500124
18751,281.5163829447001
18752,324.1836799191699
18753,418.9161467482192
18754,594.6038941739528
18755,659.196380872781
18756,666.1803838659189
18757,589.1846131628844
18758,629.9818765490279
18759,622.0246928109447
18760,606.1484892855607
18761,620.2691510749645
18762,635.5347313878336
18763,674.3665513086949
18764,648.0429662566902
18765,604.8795379220526
18766,607.0739650920276
18767,592.7243195979312
18768,521.2814750148623
18769,416.0098891094584
18770,352.0725003450182
18771,290.90492891476634
18772,244.85555778349536
18773,219.18611352585043
18774,235.68459069036368
18775,273.33187378782577
18776,314.7587069600335
18777,406.73702238195875
18778,577.3170103142103
18779,640.031603466233
18780,646.8125609532763
18781,572.0552837395651
18782,611.6664506993953
18783,603.9406056936662
18784,588.5259700947053
18785,602.2361027187808
18786,617.0578677177816
18787,654.7607324339904
18788,629.2024514138374
18789,587.2939108791625
18790,589.4245395977689
18791,575.4920804987087
18792,509.4573474593948
18793,406.57361671357893
18794,344.08650745560436
18795,284.30638829733056
18796,239.30154620498178
18797,214.21435702012974
18798,230.33860239660828
18799,267.13193940391153
18800,307.61909567769646
18801,397.511084640668
18802,564.2218394764172
18803,625.5138895599422
18804,632.1410358909823
18805,559.0794636348455
18806,597.7921381041444
18807,590.2415369564842
18808,575.1765485755411
18809,588.5756968951297
18810,603.0612626460365
18811,639.908920524906
18812,614.9303730831851
18813,573.9724359224962
18814,576.054735999189
18815,562.4383041933372
18816,396.1437024197936
18817,316.1433997062144
18818,267.5546906839402
18819,221.0708822698462
18820,186.07602968367917
18821,166.56874010084476
18822,179.10662633217945
18823,207.71637908015418
18824,239.19837078511088
18825,309.0965585396982
18826,438.7274608775939
18827,486.3869161196683
18828,491.54005071895915
18829,434.7288537021881
18830,464.83104433957527
18831,458.95985000103906
18832,447.2456205294273
18833,457.6645265498511
18834,468.928208734093
18835,497.5802002902589
18836,478.1573883238059
18837,446.30932694786156
18838,447.9284812618464
18839,437.34062000865936
18840,389.9879308113193
18841,311.2307719092041
18842,263.39709444155187
18843,217.6356090287864
18844,183.18454981526872
18845,163.98038866446234
18846,176.3234456870486
18847,204.48862465380284
18848,235.48141017036932
18849,304.2934332906706
18850,431.90997007556575
18851,478.8288336594554
18852,483.90189246941236
18853,427.9734982121022
18854,457.60792371944535
18855,451.82796327203556
18856,440.29576401005744
18857,450.55276816133596
18858,461.6414212978533
18859,489.84818271386973
18860,470.7271864615869
18861,439.37401971808384
18862,440.96801360645827
18863,430.5446796581323
18864,537.4159114888539
18865,428.8860135261135
18866,362.9696675441674
18867,299.90886885990346
18868,252.43420124526222
18869,225.97024953329844
18870,242.97937908905735
18871,281.7919015565491
18872,324.50095679144675
18873,419.32613779039536
18874,595.1858298958073
18875,659.8415329235928
18876,666.8323711239386
18877,589.7612450627524
18878,630.59843651723
18879,622.6334651250329
18880,606.7417236422805
18881,620.8762052495362
18882,636.1567259060289
18883,675.0265503259827
18884,648.6772025189421
18885,605.4715303627087
18886,607.6681052070796
18887,593.3044157899769
18888,531.2817567630284
18889,423.9906371323942
18890,358.8266713025246
18891,296.48565907786093
18892,249.55287522676244
18893,223.39098746747962
18894,240.20597198544542
18895,278.57548185687233
18896,320.79704882169096
18897,414.53987941061825
18898,588.3922796991168
18899,652.3099917634776
18900,659.2210353722091
18901,583.0296119808662
18902,623.4006809302323
18903,615.5266230481529
18904,599.8162725496159
18905,613.7894208295645
18906,628.8955270781578
18907,667.3216848480172
18908,641.2730928855983
18909,598.5605774677008
18910,600.732080240936
18911,586.532340367259
18912,545.5131934014078
18913,435.3480681203872
18914,368.43855609208697
18915,304.42761608587614
18916,256.2376444410368
18917,229.37495857745787
18918,246.64036583946967
18919,286.0376792099436
18920,329.39023467076083
18921,425.64415308991397
18922,604.153535079065
18923,669.78340996049
18924,676.8795795931642
18925,598.647217659176
18926,640.0997058412993
18927,632.0147256860396
18928,615.8835422587588
18929,630.2309890570613
18930,645.7417423525234
18931,685.1972210478556
18932,658.450865833992
18933,614.5942108910727
18934,616.8238816772955
18935,602.2437735795615
18936,529.9042075077718
18937,422.8912807570199
18938,357.896277198969
18939,295.716907669295
18940,248.90581484300247
18941,222.81176169038577
18942,239.58314698984836
18943,277.85316936885704
18944,319.9652609237114
18945,413.46502770549756
18946,586.8666497741658
18947,650.6186309517963
18948,657.5117550614015
18949,581.5178868038713
18950,621.7842784605257
18951,613.9306370569593
18952,598.261021594688
18953,612.1979391933426
18954,627.2648771378341
18955,665.5914005341349
18956,639.6103494161014
18957,597.0085823780513
18958,599.1744547075721
18959,585.0115330397506
18960,518.0800811017241
18961,413.4550092784374
18962,349.910285085871
18963,289.1183676933013
18964,243.3518038043926
18965,217.84000566796794
18966,234.2371592157748
18967,271.65323558763646
18968,312.8256503354137
18969,404.23909086105743
18970,573.7714802093502
18971,636.1009184567678
18972,642.8402314253217
18973,568.542067960527
18974,607.9099672139922
18975,600.2315696514595
18976,584.911601373217
18977,598.5375346976152
18978,613.2682734266946
18979,650.7395900687906
18980,625.3382724728334
18981,583.6871087163614
18982,585.8046524086667
18983,571.9577580033325
18984,404.76643504965
18985,323.02479146306666
18986,273.3784676303846
18987,225.88286110079906
18988,190.1262868075127
18989,170.19438832296285
18990,183.0051826935813
18991,212.2376747329929
18992,244.4049248314796
18993,315.8245639700916
18994,448.2771004892174
18995,496.97394377337537
18996,502.2392449970097
18997,444.19145691678
18998,474.9488722613976
18999,468.9498815229946
19000,456.9806721840229
19001,467.6263631826274
19002,479.13521831625394
19003,508.4108685624169
19004,488.5652864913688
19005,456.0239986010396
19006,457.67839652649843
19007,446.8600727008899
19008,398.61066433301994
19009,318.1121643777948
19010,269.22087199034627
19011,222.44758835743949
19012,187.23480735801806
19013,167.60603726157922
19014,180.2220024516759
19015,209.0099207742766
19016,240.6879647552489
19017,311.0214394169378
19018,441.45961067490305
19019,489.41586240817276
19020,494.6010878540744
19021,437.4361024054058
19022,467.7257526877488
19023,461.81799582725444
19024,450.0308166715439
19025,460.51460582445935
19026,471.8484319357194
19027,500.67885210623757
19028,481.1350857056327
19029,449.08869237604483
19030,450.7179298795385
19031,440.06413333495436
19032,546.038644224968
19033,435.7674053677651
19034,368.7934445623782
19035,304.7208477501543
19036,256.48445841900707
19037,229.59589780009537
19038,246.8779354985011
19039,286.31319726510367
19040,329.7075109019758
19041,426.0541433036981
19042,604.7354696251109
19043,670.4285607077638
19044,677.5315655338352
19045,599.223848393952
19046,640.7162645637343
19047,632.6234967700957
19048,616.4767754168411
19049,630.8380420050721
19050,646.3637356139707
19051,685.857218731607
19052,659.0851008147615
19053,615.1862021356005
19054,617.4180205918798
19055,602.8238685995157
19056,539.9044901911323
19057,430.8720295262897
19058,364.65044878810386
19059,301.2976383542816
19060,253.60313272554765
19061,227.0166360252413
19062,244.10452870775524
19063,283.096777928269
19064,326.0036033500552
19065,421.26788546385524
19066,597.941920194796
19067,662.8970203972763
19068,669.9202306407351
19069,592.4922160714565
19070,633.5185097887103
19071,625.5166554949335
19072,609.5513251054317
19073,623.7512583845556
19074,639.1025376052303
19075,678.1523541228219
19076,651.6809920166701
19077,608.2752500202123
19078,610.4819964081844
19079,596.0517939407506
19080,554.1359262199684
19081,442.2294600278354
19082,374.26233316598183
19083,309.23959502213677
19084,260.2879016535083
19085,233.00060687892153
19086,250.53892228618946
19087,290.55897496172867
19088,334.5967888310724
19089,432.3721586675465
19090,613.7031748996776
19091,680.3704378458889
19092,687.5787741053612
19093,608.1098210808524
19094,650.2175339845453
19095,642.0047574266221
19096,625.6185941264013
19097,640.1928259078474
19098,655.9487521580596
19099,696.0278895570375
19100,668.8587642293267
19101,624.3088827568515
19102,626.5737971553195
19103,611.7632264801206
19104,538.5269408632528
19105,429.7726730929586
19106,363.7200546354989
19107,300.52888690518796
19108,252.95607230767538
19109,226.4374102176113
19110,243.48170367932357
19111,282.37446540217417
19112,325.17181540822475
19113,420.19303370206967
19114,596.4162901894155
19115,661.2056594964283
19116,668.210950239816
19117,590.9804908147652
19118,631.9021072337887
19119,623.9206694196012
19120,607.9960740685127
19121,622.1597766644327
19122,637.4718875789406
19123,676.422069717721
19124,650.0182484595151
19125,606.7232548487435
19126,608.924370792704
19127,594.5309865330669
19128,526.7028139842553
19129,420.33640123693755
19130,355.7340622029716
19131,293.93034666526125
19132,247.40206104691228
19133,221.4656539963297
19134,238.13571569141743
19135,276.1745313729642
19136,318.0322045343518
19137,410.967096488604
19138,583.3211201008102
19139,646.6879464207102
19140,653.5394260168945
19141,578.0046714524051
19142,618.0277954323009
19143,610.2216014661565
19144,594.6466533130822
19145,608.4993716223067
19146,623.4752833079551
19147,661.5702586583234
19148,635.7461709453826
19149,593.4017806542118
19150,595.5545679590239
19151,581.477210974515
19152,413.3891683487823
19153,329.9061837540362
19154,279.2022450288568
19155,230.69484030524632
19156,194.17654424571765
19157,173.8200368264952
19158,186.90373935757987
19159,216.75897073676384
19160,249.61147928196863
19161,322.552569922697
19162,457.82674084206127
19163,507.5609722488224
19164,512.9384401055063
19165,453.65406086583675
19166,485.0667009685417
19167,478.9399138203528
19168,466.7157245942301
19169,477.58820058861784
19170,489.34222869065877
19171,519.2415376752257
19172,498.9731854667681
19173,465.7386710082473
19174,467.42831254791577
19175,456.37952613199764
19176,407.2333972651866
19177,324.99355637590645
19178,275.0446491409705
19179,227.25956735709883
19180,191.2850646238524
19181,171.23168561081144
19182,184.12055894975995
19183,213.53121658563055
19184,245.89451898415777
19185,317.7494450832131
19186,451.00925062133393
19187,500.00289043305776
19188,505.3002825072354
19189,446.8987059517537
19190,477.84358096429906
19191,471.80802769945745
19192,459.7658686674474
19193,470.4764428064946
19194,482.055441875735
19195,511.50952075811546
19196,491.54298423809337
19197,458.8033643698162
19198,460.46784548601954
19199,449.58358636093396
19200,554.6613774803791
19201,442.64879762384265
19202,374.61722193132107
19203,309.53282693020253
19204,260.53471583667533
19205,233.22154628524402
19206,250.77649214273214
19207,290.83449324594955
19208,334.91406532606516
19209,432.78214922218916
19210,614.2851099295336
19211,681.0155891295296
19212,688.2307605880819
19213,608.6864522950289
19214,650.8340932195762
19215,642.6135290167996
19216,626.211827777687
19217,640.7998793605515
19218,656.5707459366212
19219,696.6878877894992
19220,669.4929997373879
19221,624.9008744935503
19222,627.1679365638604
19223,612.3433219823553
19224,548.5272231618112
19225,437.7534215551363
19226,370.4742259647393
19227,306.10961737543306
19228,257.653390009472
19229,230.64228439066702
19230,248.00308522325173
19231,287.6180737598168
19232,331.2101576022185
19233,427.99589116018035
19234,607.4915601838792
19235,673.484048469447
19236,680.6194253416829
19237,601.954819660068
19238,643.6363381104505
19239,635.5066874117557
19240,619.2863771448157
19241,633.7130954110843
19242,649.3095475908342
19243,688.9830228230737
19244,662.0888905956164
19245,617.9899220573732
19246,620.2319120582123
19247,605.5712470092477
19248,562.7586594414556
19249,449.1108522568399
19250,380.08611051201257
19251,314.05157418325354
19252,264.33815905524176
19253,236.62625534980594
19254,254.43747891508264
19255,295.0802709247867
19256,339.8033432346779
19257,439.10016455956816
19258,623.2528151665298
19259,690.9574662260028
19260,698.2779691175147
19261,617.5724249447011
19262,660.3353626005812
19263,651.9947896340227
19264,635.3536464489471
19265,650.1546632241344
19266,666.1557624405533
19267,706.8585585723192
19268,679.2666631110059
19269,634.0235550765815
19270,636.3237130889418
19271,621.2826798255085
19272,547.1496738638141
19273,436.6540651456528
19274,369.54383183231676
19275,305.34086594301544
19276,257.006329605636
19277,230.06305859560183
19278,247.38026020833055
19279,286.8957612493906
19280,330.37836967843145
19281,426.9210394217108
19282,605.9659302115931
19283,671.7926876052886
19284,678.910144977842
19285,600.4430944361695
19286,642.0199355905925
19287,633.9107013710441
19288,617.7311261416337
19289,632.1216137254842
19290,647.678897599917
19291,687.2527384555067
19292,660.4261470745301
19293,616.4379269195706
19294,618.6742864765204
19295,604.0504396345539
19296,535.3255471794207
19297,427.2177934449358
19298,361.5578395312246
19299,298.74232581168883
19300,251.45231843628193
19301,225.0913024561464
19302,242.0342723084098
19303,280.6958273222205
19304,323.23875892206377
19305,417.6951023600875
19306,592.8707603385108
19307,657.274974768506
19308,664.2386209963875
19309,587.467275287368
19310,628.1456240174509
19311,620.2116336430615
19312,604.3817056059107
19313,618.4612089081841
19314,633.6822935592907
19315,672.4009276405432
19316,646.1540697952905
19317,603.1164529442866
19318,605.3044838628832
19319,590.9966642908436
19320,422.01190137252945
19321,336.78757582523383
19322,285.02602224133426
19323,235.50681935601278
19324,198.22680155456902
19325,177.44568521423474
19326,190.8022958970697
19327,221.28026659613766
19328,254.81803356617536
19329,329.2805756604291
19330,467.3763808899171
19331,518.1480003861502
19332,523.6376348723014
19333,463.11666451268525
19334,495.1845293525514
19335,488.92994579865797
19336,476.4507766935278
19337,487.550037676456
19338,499.54923873908103
19339,530.0722064421341
19340,509.38108410976906
19341,475.4533431051964
19342,477.17822825794883
19343,465.89897925908156
19344,415.8561304399286
19345,331.87494856760594
19346,280.86842645542964
19347,232.07154649212907
19348,195.33532200362887
19349,174.85733406204065
19350,188.01911555751843
19351,218.05251252417793
19352,251.10107335953774
19353,324.47745093876114
19354,460.55889083641597
19355,510.5899187557777
19356,515.9994774613868
19357,456.3613097643042
19358,487.9614095254848
19359,481.7980598527007
19360,469.5009209372181
19361,480.438280068777
19362,492.2624521028948
19363,522.3401897146825
19364,501.95088306334975
19365,468.51803663688133
19366,470.2177613667858
19367,459.1030396547154
19368,563.2841105221162
19369,449.5301897093973
19370,380.440999155949
19371,314.34480599100846
19372,264.5849731539769
19373,236.8471946805479
19374,254.67504869035577
19375,295.35578911475636
19376,340.12061962113455
19377,439.5101549739584
19378,623.8347499973133
19379,691.6026172889458
19380,698.9299553771992
19381,618.1490559616196
19382,660.9519216246952
19383,652.6035610159477
19384,635.9468798972953
19385,650.7617164691733
19386,666.7777560063389
19387,707.5185565790041
19388,679.9008984021033
19389,634.6155466107676
19390,636.9178522942352
19391,621.8627751293001
19392,557.1499563207067
19393,444.6348137341894
19394,376.2980032684956
19395,310.92159650162
19396,261.70364738180496
19397,234.26793283523313
19398,251.90164182384552
19399,292.13936969005505
19400,336.41671196803003
19401,434.72389700336385
19402,617.041200381411
19403,684.0710767727104
19404,691.3186202761716
19405,611.4174234552283
19406,653.7541666530419
19407,645.4967195466396
19408,629.0214293966956
19409,643.674932655059
19410,659.5165577992359
19411,699.8136917597365
19412,672.4967894017453
19413,627.704594306585
19414,629.9818279210605
19415,615.0907002855346
19416,571.3813924971514
19417,455.99224435353426
19418,385.9098877460681
19419,318.86355325184917
19420,268.3884163791
19421,240.25190375097912
19422,258.3360354690173
19423,299.6015668009126
19424,345.0098975381758
19425,445.82817032222863
19426,632.8024552497686
19427,701.5444944025573
19428,708.977163923952
19429,627.03502862661
19430,670.4531910220792
19431,661.9848216493427
19432,645.0886985843147
19433,660.1165003488827
19434,676.3627725267942
19435,717.689227379357
19436,689.6745617925699
19437,643.738227209525
19438,646.0736288350998
19439,630.8021329878636
19440,555.772407010414
19441,443.5354573148934
19442,375.3676091277688
19443,310.1528450623408
19444,261.05658697219354
19445,233.68870703499795
19446,251.2788168033653
19447,291.4170571731817
19448,335.58492403681873
19449,433.64904525530056
19450,615.5155703955079
19451,682.3797158934556
19452,689.6093398970743
19453,609.9056982178367
19454,652.1377641187564
19455,643.9007334916828
19456,627.4661783796319
19457,642.0834509552539
19458,657.8859077937643
19459,698.0834073767255
19460,670.8340458658181
19461,626.1525991549299
19462,628.4242023254658
19463,613.5698928972666
19464,543.9482802459471
19465,434.09918555027366
19466,367.3816167725952
19467,303.5543048863287
19468,255.50257576522753
19469,228.7169508618736
19470,245.9328288672413
19471,285.2171232040255
19472,328.44531323210134
19473,424.4231081311989
19474,602.4204004337446
19475,667.8620029583585
19476,674.9378158162638
19477,596.9298789811627
19478,638.2634524516576
19479,630.2016656709296
19480,614.1167577535061
19481,628.4230460454451
19482,643.8893036583522
19483,683.2315964611851
19484,656.5619684899274
19485,612.8311250894325
19486,615.0543996212879
19487,600.5161174651557
19488,430.63463450958903
19489,343.6689679868608
19490,290.8497995303428
19491,240.3187984700141
19492,202.27705891664536
19493,181.07133364961948
19494,194.70085248779105
19495,225.80156251492645
19496,260.0245879188021
19497,336.00858148657494
19498,476.9260210632661
19499,528.7350286626037
19500,534.3368297796961
19501,472.579268283883
19502,505.302357869521
19503,498.9199779082436
19504,486.18582892075517
19505,497.51187489520385
19506,509.7562489216351
19507,540.9028753513699
19508,519.7889828895418
19509,485.16801532980736
19510,486.92814409610685
19511,475.4184325112619
19512,424.47886351485874
19513,338.7563406796503
19514,286.692203702476
19515,236.88352557145856
19516,199.3855793365218
19517,178.4829824713014
19518,191.91767212014943
19519,222.5738084103893
19520,256.3076276746496
19521,331.2054567164295
19522,470.1085309409567
19523,521.1769469559482
19524,526.6986722916904
19525,465.8239134673209
19526,498.0792379695521
19527,491.78809189030494
19528,479.23597309430124
19529,490.40011721574666
19530,502.4694622119041
19531,533.1708585458798
19532,512.35878176813
19533,478.23270879149504
19534,479.9676771346926
19535,468.6224928383051
19536,571.9068436517736
19537,456.4115818651169
19538,386.2647764399579
19539,319.1567851008789
19540,268.63523051257624
19541,240.4728431128201
19542,258.57360527773034
19543,299.87708502966376
19544,345.3271739692917
19545,446.23816079432834
19546,633.3843901624642
19547,702.1896455563106
19548,709.6291502754091
19549,627.6116597246942
19550,671.069750132979
19551,662.5935931169572
19552,645.6819321161655
19553,660.7235536793694
19554,676.9847661801305
19555,718.3492254789421
19556,690.308797172941
19557,644.3302188270388
19558,646.6677681240234
19559,631.3822283733084
19560,565.7726894021572
19561,451.51620585143735
19562,382.1217805199459
19563,315.7335755845883
19564,265.75390471776075
19565,237.89358124723557
19566,255.80019838942462
19567,296.6606655796854
19568,341.6232662870791
19569,441.45190278611994
19570,626.5908404931733
19571,694.6581049808868
19572,702.0178151145659
19573,620.8800271654007
19574,663.8719951047603
19575,655.4867515917982
19576,638.7564815611403
19577,653.6367698095619
19578,669.7235679159637
19579,710.6443605991238
19580,682.9046881143961
19581,637.4192664685448
19582,639.7317436963401
19583,624.6101534763229
19584,580.0041256210654
19585,462.8736365046704
19586,391.73366502619814
19587,323.6755323585145
19588,272.43867373500166
19589,243.87755218083643
19590,262.2345920537952
19591,304.12286271280857
19592,350.216451882865
19593,452.5561761381174
19594,642.3520954085589
19595,712.1315226628705
19596,719.6763588150355
19597,636.4976323833819
19598,680.5710195236239
19599,671.9748537436983
19600,654.8237507967008
19601,670.0783375524436
19602,686.5697826937874
19603,728.519896272081
19604,700.0824605564753
19605,653.4528994193256
19606,655.8235446583939
19607,640.3215862255312
19608,564.3951400969238
19609,450.41684943617906
19610,381.1913863826361
19611,314.9648241481325
19612,265.10684431052573
19613,237.31435544912767
19614,255.1773733712318
19615,295.9383530654649
19616,340.7914783589227
19617,440.37705104200415
19618,625.0652105128731
19619,692.9667441078437
19620,700.3085347417461
19621,619.3683019335612
19622,662.2555925764113
19623,653.890765542703
19624,637.2012305497885
19625,652.0452881156017
19626,668.0929179164808
19627,708.9140762224677
19628,681.2419445845755
19629,635.8672713225897
19630,638.1741181064662
19631,623.0893460936402
19632,552.5710133654046
19633,440.9805776978533
19634,373.20539404971527
19635,308.3662839905071
19636,259.5528331190359
19637,232.34259928985708
19638,249.8313854500043
19639,289.73841911358465
19640,333.6518675740997
19641,431.1511139436104
19642,611.9700405875993
19643,678.4490312132
19644,685.6370107018175
19645,606.392482733044
19646,648.3812809479731
19647,640.1916977601221
19648,623.8518099608608
19649,638.3848832438574
19650,654.0963138200701
19651,694.0622653483116
19652,666.9698672484537
19653,622.5457972942122
19654,624.804315439543
19655,610.0355706979035
19656,439.2573676000244
19657,350.55036011127925
19658,296.6735767878614
19659,245.13077755799642
19660,206.32731625682143
19661,184.69698206539977
19662,198.59940905743238
19663,230.32285840926795
19664,265.2311422432763
19665,342.73658727634154
19666,486.4756611849788
19667,539.3220568818117
19668,545.0360246292388
19669,482.0418720039153
19670,515.4201863317821
19671,508.91000996381183
19672,495.9208810953437
19673,507.4737120600869
19674,519.9632590489985
19675,551.7335442020426
19676,530.1968816130375
19677,494.8826875018897
19678,496.6780598815458
19679,484.93788571196933
19680,433.10159663085847
19681,345.6377328244704
19682,292.51598097726065
19683,241.69550467370726
19684,203.4358366887059
19685,182.1086308978309
19686,195.81622870134902
19687,227.09510431813538
19688,261.51418201456
19689,337.933462526143
19690,479.6581710909819
19691,531.7639752065442
19692,537.3978671729536
19693,475.28651721540757
19694,508.1970664618101
19695,501.77812397549116
19696,488.9710252977519
19697,500.36195441016406
19698,512.6764723695287
19699,544.0015274286629
19700,522.7666805224827
19701,487.94738099237907
19702,489.7175929490378
19703,478.1419460672354
19704,580.5295767452548
19705,463.292973991966
19706,392.08855369953375
19707,323.968764190561
19708,272.685487854183
19709,244.09849152988116
19710,262.4721618487488
19711,304.39838092560234
19712,350.533728295605
19713,452.96616658647156
19714,642.9340302875503
19715,712.7766737792582
19716,720.328345128731
19717,637.0742634480689
19718,681.1875785988141
19719,672.583625176054
19720,655.4169842941928
19721,670.6853908477711
19722,687.1917763110994
19723,729.1798943334408
19724,700.7166959001132
19725,654.0448910025528
19726,656.4176839129062
19727,640.9016815773783
19728,574.3954225154737
19729,458.39759799411604
19730,387.9455577929183
19731,320.5455546853396
19732,269.8041620686845
19733,241.5192296726368
19734,259.698754969411
19735,301.18196148602453
19736,346.8298206253693
19737,448.1799085937398
19738,636.1404806402268
19739,705.2451332281883
19740,712.7170099924997
19741,630.3426309105427
19742,673.9898235938699
19743,665.4767836738758
19744,648.4915337615615
19745,663.5986070008794
19746,679.930578070412
19747,721.4750294785367
19748,693.31258686551
19749,647.1339386664058
19750,649.4816595076512
19751,634.1296067022909
19752,588.6268587169095
19753,469.75502863340523
19754,397.5574422873698
19755,328.48751144951524
19756,276.4889310777183
19757,247.503200598891
19758,266.133148625882
19759,308.64415860998616
19760,355.4230062106051
19761,459.2841819321043
19762,651.9017355362619
19763,722.7185508887194
19764,730.3755536712895
19765,645.9602361093497
19766,690.6888479922317
19767,681.964885805533
19768,664.5588029773958
19769,680.0401747235752
19770,696.7767928275532
19771,739.3505651295477
19772,710.4903592864995
19773,663.1675715975017
19774,665.5734604499486
19775,649.84103943221
19776,573.0178732081586
19777,457.29824157719645
19778,387.0151636542026
19779,319.77680324772206
19780,269.15710166047165
19781,240.9400038736537
19782,259.07592995027704
19783,300.4596489707125
19784,345.99803269595594
19785,447.10505684799983
19786,634.6148506576212
19787,703.5537723525894
19788,711.0077296170972
19789,628.8309056764188
19790,672.3734210630784
19791,663.8807976223687
19792,646.9362827478597
19793,662.0071253045143
19794,678.2999280684651
19795,719.7447450992657
19796,691.6498433331768
19797,645.5819435181054
19798,647.9240339154235
19799,632.6087993173101
19800,561.1937464630824
19801,447.8619698280515
19802,379.0291713121254
19803,313.1782630825311
19804,263.60309046261386
19805,235.96824770868267
19806,253.72994202292014
19807,294.2597150117237
19808,338.858421902947
19809,437.87911973902806
19810,621.5196807173331
19811,689.0360594413003
19812,696.3362055603468
19813,615.855086461024
19814,658.4991094187324
19815,650.1817298240811
19816,633.5868621436261
19817,648.3467204171076
19818,664.3033239560065
19819,704.8929342080813
19820,677.3777659806914
19821,632.2604694744542
19822,634.5542312331711
19823,619.5550239066065
19824,447.8801007096439
19825,357.4317522510075
19826,302.4973540583369
19827,249.9427566566846
19828,210.37757360600864
19829,188.32263048924656
19830,202.49796563574733
19831,234.84415431366858
19832,270.4376965793342
19833,349.4645930810768
19834,496.025301327938
19835,549.9090851245738
19836,555.7352195025854
19837,491.5044757450002
19838,525.5380148165536
19839,518.9000420416062
19840,505.6559332915911
19841,517.4355492471332
19842,530.1702691990706
19843,562.5642130768118
19844,540.6047803596889
19845,504.5973596955856
19846,506.4279756886766
19847,494.4573389338559
19848,441.724329729959
19849,352.51912495580405
19850,298.33975824063174
19851,246.5074837665253
19852,207.4860940329522
19853,185.73427931725473
19854,199.71478527490814
19855,231.61640021702047
19856,266.7207363442664
19857,344.66146832267077
19858,489.20781122229135
19859,542.3510034363912
19860,548.0970620332483
19861,484.7491209449489
19862,518.3148949342389
19863,511.7681560410986
19864,498.7060774821234
19865,510.32379158505796
19866,522.8834825071493
19867,554.8321962902198
19868,533.1745792564375
19869,497.66205317422396
19870,499.4675087442746
19871,487.6613992775092
19872,589.1523098536211
19873,470.1743661306942
19874,397.9123309691628
19875,328.7807432885498
19876,276.7357452027816
19877,247.72413995320102
19878,266.3707184264971
19879,308.91967682934586
19880,355.7402826309062
19881,459.694172390229
19882,652.4836704291215
19883,723.3637020204818
19884,731.0275400005227
19885,646.5368671877786
19886,691.3054070821152
19887,682.5736572523965
19888,665.1520364890255
19889,680.6472280333697
19890,697.3987864596882
19891,740.0105632066359
19892,711.124594645252
19893,663.7595631948368
19894,666.1675997186201
19895,650.4211347978813
19896,583.0181556156783
19897,465.2789901263309
19898,393.76933505703516
19899,325.3575337787738
19900,273.85441941344936
19901,245.14487809252495
19902,263.59731154346935
19903,305.70325738548854
19904,352.0363749557424
19905,454.9079143911291
19906,645.6901207727591
19907,715.832161459391
19908,723.4162048541643
19909,639.8052346412959
19910,684.1076520675942
19911,675.4668157407624
19912,658.2265859471797
19913,673.5604441770488
19914,690.1375882093397
19915,732.3056983414804
19916,703.7204856007976
19917,656.8486108494947
19918,659.2315753041366
19919,643.6490599137836
19920,597.2495918243034
19921,476.63642077135745
19922,403.3812195563422
19923,333.2994905469614
19924,280.5391884258601
19925,251.12884902180198
19926,270.0317052031907
19927,313.1654545132198
19928,360.6295605453192
19929,466.012187735103
19930,661.4513756767562
19931,733.3055791287491
19932,741.0747485418747
19933,655.4228398479923
19934,700.8066764743917
19935,691.9549178807488
19936,674.2938551711305
19937,690.0020119080505
19938,706.983802974991
19939,750.1812340015215
19940,720.8982580304647
19941,672.8822437886903
19942,675.3233762545631
19943,659.3604926516394
19944,581.6406063092197
19945,464.1796337100948
19946,392.8389409188978
19947,324.5887823416342
19948,273.20735900563886
19949,244.5656522939019
19950,262.9744865247226
19951,304.98094487062565
19952,351.2045870268462
19953,453.83306264605733
19954,644.164490791102
19955,714.1408005848438
19956,721.7069244798246
19957,638.2935094081117
19958,682.4912495378077
19959,673.8708296902477
19960,656.6713349344449
19961,671.9689624816732
19962,688.5069382084066
19963,730.5754139632852
19964,702.0577420694982
19965,655.2966157021592
19966,657.6739497128773
19967,642.1282525297484
19968,569.8164795697219
19969,454.7433619654016
19970,384.8529485805882
19971,317.9902421795562
19972,267.65334781040127
19973,239.59389613127644
19974,257.62849859988773
19975,298.78101091456176
19976,344.06497623720554
19977,444.60712554143805
19978,631.0693208569919
19979,699.6230876804036
19980,707.0354004299958
19981,625.3176901988386
19982,668.6169379000072
19983,660.1717618984228
19984,643.321914336509
19985,658.3085576007111
19986,674.5103341025512
19987,715.7236030791074
19988,687.7856647237459
19989,641.9751416647927
19990,644.3041470369324
19991,629.0744771252031
19992,456.5028338113697
19993,364.31314438443627
19994,308.32113132348104
19995,254.75473575096765
19996,214.42783095148803
19997,191.94827890977427
19998,206.39652221049337
19999,239.36545021393022
20000,275.64425091062583
20001,356.1925988796529
20002,505.5749414621549
20003,560.4961133576444
20004,566.4344143661375
20005,500.96707947742266
20006,535.6558432920629
20007,528.8900741102551
20008,515.3909854789267
20009,527.39738642506
20010,540.3772793397989
20011,573.3948819416662
20012,551.0126790968125
20013,514.3120318803883
20014,516.177891486882
20015,503.9767921470279
20016,450.3470628360129
20017,359.4005170926869
20018,304.16353550869906
20019,251.3194628632237
20020,211.53635138046462
20021,189.3599277396023
20022,203.61334185161104
20023,236.13769611955155
20024,271.9272906781714
20025,351.389474124624
20026,498.7574513613017
20027,552.9380316747759
20028,558.7962569021709
20029,494.21172468212114
20030,528.4327234148267
20031,521.758188114762
20032,508.44112967434546
20033,520.2856287679851
20034,533.090492653001
20035,565.6628651605106
20036,543.5824779987854
20037,507.3767253639029
20038,509.217424547374
20039,497.1808524954594
20040,597.7750429558624
20041,477.05575826453435
20042,403.73610823465526
20043,333.59272238312053
20044,280.7860025485031
20045,251.34978837394544
20046,270.2692750014762
20047,313.4409727298778
20048,360.9468369625091
20049,466.42217818920733
20050,662.0333105639095
20051,733.9507302541851
20052,741.7267348647144
20053,655.9994709207668
20054,701.4232355582293
20055,692.5636893216429
20056,674.887088676943
20057,690.6090652118921
20058,707.6057966010267
20059,750.8412320721377
20060,721.5324933829979
20061,673.4742353802202
20062,675.9175155174084
20063,659.9405880116226
20064,591.6408887212779
20065,472.16038226285104
20066,399.5931123247956
20067,330.1695128752186
20068,277.9046767607483
20069,248.77052651468145
20070,267.49586811996676
20071,310.2245532877813
20072,357.242929289373
20073,461.6359201927277
20074,655.2397609112661
20075,726.4191896972176
20076,734.1153997225231
20077,649.2678383779693
20078,694.2254805476488
20079,685.4568478138993
20080,667.9616381388886
20081,683.5222813594507
20082,700.3445983546534
20083,743.1363672112002
20084,714.1283843425967
20085,666.5632830386614
20086,668.9814911067219
20087,653.1685131312322
20088,605.8723249269448
20089,483.51781290551685
20090,409.20499682210465
20091,338.1114696417554
20092,284.5894457717696
20093,254.75449744271467
20094,273.93026177835065
20095,317.6867504139615
20096,365.8361148771636
20097,472.7401935343935
20098,671.001015811987
20099,743.8926073629435
20100,751.7739434065627
20101,664.8854435814195
20102,710.9245049509752
20103,701.9449499504585
20104,684.0289073594997
20105,699.963849087035
20106,717.1908131168029
20107,761.0119028675257
20108,731.3061567686934
20109,682.5969159745243
20110,685.0732920538035
20111,668.8799458658222
20112,590.2633394144668
20113,471.0610258463337
20114,398.6627181864202
20115,329.4007614378823
20116,277.25761635277223
20117,248.1913007159102
20118,266.87304310106066
20119,309.5022407727336
20120,356.41114136026397
20121,460.561068447381
20122,653.7141309292188
20123,724.7278288222376
20124,732.4061193477457
20125,647.7561131443985
20126,692.6090780174486
20127,683.8608617629762
20128,666.4063871257558
20129,681.930799663668
20130,698.713948353303
20131,741.4060828325624
20132,712.465640810872
20133,665.011287890929
20134,667.4238655150641
20135,651.6477057468078
20136,578.4392126726736
20137,461.62475409980874
20138,390.6767258465603
20139,322.8022212745234
20140,271.70360515645655
20141,243.21954455231963
20142,261.527055175188
20143,303.30230681546624
20144,349.27153056923737
20145,451.33513134097075
20146,640.6189609925666
20147,710.2101159149793
20148,717.7345952950691
20149,634.7802939326065
20150,678.7347663769549
20151,670.1617939684922
20152,653.0569665252286
20153,668.2703947800542
20154,684.7173442447306
20155,726.5542719455017
20156,698.1935634623492
20157,651.6898138509765
20158,654.0540628365238
20159,638.5939303397286
20160,465.1255669163433
20161,371.19453652045695
20162,314.1449085908187
20163,259.56671484706317
20164,218.478088298493
20165,195.5739273316676
20166,210.2950787867078
20167,243.88674611589477
20168,280.8508052438785
20169,362.9206046807632
20170,515.1245815999687
20171,571.0831415947024
20172,577.1336092337194
20173,510.42968321340913
20174,545.7736717713831
20175,538.8801061826669
20176,525.1260376699289
20177,537.3592236067389
20178,550.5842894843715
20179,584.2255508106
20180,561.4205778378563
20181,524.02670406885
20182,525.9278072887596
20183,513.4962453637854
20184,458.96979593920565
20185,366.2819092272863
20186,309.987312774834
20187,256.13144195832535
20188,215.58660872663302
20189,192.9855761607468
20190,207.5118984270203
20191,240.6589920205823
20192,277.13384501034875
20193,358.1174799243447
20194,508.30709149714323
20195,563.5250599096473
20196,569.495451767543
20197,503.6743284161533
20198,538.5505518920572
20199,531.7482201851105
20200,518.1761818633371
20201,530.2474659476067
20202,543.2975027954657
20203,576.4935340272074
20204,553.9903767376795
20205,517.0913975503581
20206,518.967340347238
20207,506.70030571025086
20208,606.3977760606238
20209,483.9371504003857
20210,409.5598855018495
20211,338.40470147909764
20212,284.83625989540843
20213,254.97543679574954
20214,274.1678315775947
20215,317.96226863173115
20216,366.15339129563364
20217,473.1501839901521
20218,671.5829507014882
20219,744.5377584909827
20220,752.4259297320332
20221,665.4620746565205
20222,711.5410640373004
20223,702.5537213938087
20224,684.6221408677056
20225,700.5709023933259
20226,717.8128067453481
20227,761.671900940805
20228,731.9403921237856
20229,683.1889075684428
20230,685.667431319046
20231,669.4600412281459
20232,600.2636218246577
20233,479.0417743975998
20234,405.4168895910568
20235,334.9814919704246
20236,281.9549341070046
20237,252.39617493590458
20238,271.3944246954606
20239,314.74584918891026
20240,362.44948362166326
20241,468.3639259925943
20242,664.7894010473148
20243,737.0062179323187
20244,744.8145945881273
20245,658.7304421122067
20246,704.3433090250987
20247,695.4468798844645
20248,677.6966903280914
20249,693.4841185392885
20250,710.5516084973394
20251,753.9670360781321
20252,724.5362830817168
20253,676.2779552253276
20254,678.7314069067975
20255,662.68796634623
20256,614.4950580315417
20257,490.3992050412369
20258,415.02877408918795
20259,342.9234487376407
20260,288.6397031185976
20261,258.3801458644496
20262,277.8288183543948
20263,322.20804631572855
20264,371.0426692101888
20265,479.4681993352099
20266,680.5506559493838
20267,754.4796355995392
20268,762.4731382736773
20269,674.3480473169927
20270,721.0423334298534
20271,711.9349820224338
20272,693.7639595500767
20273,709.9256862682788
20274,727.3978232609297
20275,771.8425717359863
20276,741.7140555092826
20277,692.3115881625616
20278,694.8232078552553
20279,678.3993990821639
20280,598.8860725179916
20281,477.94241798119805
20282,404.4864954527793
20283,334.21274053316927
20284,281.30787369909666
20285,251.81694913719429
20286,270.77159967662
20287,314.02353667393857
20288,361.61769569264175
20289,467.2890742473607
20290,663.263771065428
20291,735.3148570575167
20292,743.1053142135299
20293,657.218716878795
20294,702.7269064950688
20295,693.8508938337094
20296,676.1414393151224
20297,691.8926368436732
20298,708.9209584961607
20299,752.2367516996763
20300,722.873539550167
20301,674.7259600777584
20302,677.1737813153036
20303,661.1671589619658
20304,587.0619457771428
20305,468.50614623542685
20306,396.50050311355733
20307,327.61420037033747
20308,275.7538625032245
20309,246.84519297400084
20310,265.4256117511744
20311,307.82360271716635
20312,354.4780849021854
20313,458.06313714168743
20314,650.1686011298217
20315,720.797144151418
20316,728.4337901620252
20317,644.2428976680395
20318,688.8525948556832
20319,680.1518260403195
20320,662.7920187156615
20321,678.2322319611504
20322,694.9243543887063
20323,737.3849408138019
20324,708.6014622027842
20325,661.40448603887
20326,663.8039786378313
20327,648.1133835559293
20328,473.7483000199806
20329,378.07592865541113
20330,319.9686858572539
20331,264.37869394241295
20332,222.52834564487023
20333,199.199575752999
20334,214.19363536231805
20335,248.4080420171587
20336,286.0573595763242
20337,369.64861048083077
20338,524.6742217363026
20339,581.6701698301197
20340,587.8328040996433
20341,519.8922869479293
20342,555.8915002491351
20343,548.8701382535303
20344,534.8610898594225
20345,547.3210607868741
20346,560.7912996273625
20347,595.0562196778552
20348,571.8284765772871
20349,533.741376255806
20350,535.6777230891263
20351,523.0156985790677
20352,467.59252904357584
20353,373.16330136282534
20354,315.8110900417641
20355,260.94342105408407
20356,219.63686607335453
20357,196.61122458238637
20358,211.41045500296184
20359,245.18028792223046
20360,282.34039934323704
20361,364.8454857249841
20362,517.8567316342887
20363,574.1120881459644
20364,580.1946466343762
20365,513.1369321514776
20366,548.6683803706692
20367,541.7382522568231
20368,527.9112340536581
20369,540.2093031285883
20370,553.5045129393241
20371,587.3242028953832
20372,564.398275477995
20373,526.8060697381399
20374,528.7172561484333
20375,516.2197589263421
20376,615.0205091643486
20377,490.81854253540973
20378,415.3836627683438
20379,343.2166805744962
20380,288.88651724182677
20381,258.60108521711777
20382,278.06638815324453
20383,322.48356453304086
20384,371.3599456281322
20385,479.8781897902878
20386,681.132590837919
20387,755.1247867265074
20388,763.1251245980654
20389,674.9246783911365
20390,721.6588925151552
20391,712.5437534647735
20392,694.357193057298
20393,710.5327395735621
20394,728.0198168884426
20395,772.5025698081699
20396,742.3482908633221
20397,692.9035797554975
20398,695.4173471195116
20399,678.9794944435247
20400,608.8863549289508
20401,485.9231665330775
20402,411.24066685793497
20403,339.79347106614046
20404,286.00519145369003
20405,256.02182335751183
20406,275.2929812713674
20407,319.26714509051806
20408,367.6560379545051
20409,475.0919317931738
20410,674.3390411843751
20411,747.5932461685416
20412,755.5137894548652
20413,668.1930458474467
20414,714.4611375036206
20415,705.4369119560881
20416,687.4317425183256
20417,703.4459557201815
20418,720.7586186411069
20419,764.7977049462113
20420,734.9441818219394
20421,685.9926274130228
20422,688.4813227079059
20423,672.2074195622365
20424,623.1177911353342
20425,497.280597176315
20426,420.8525513557279
20427,347.73542783307704
20428,292.6899604650477
20429,262.00579428584626
20430,281.7273749300752
20431,326.7293422170738
20432,376.24922354272826
20433,486.1962051353985
20434,690.1002960858893
20435,765.066663835147
20436,773.1723331397936
20437,683.810651051683
20438,731.1601619077875
20439,721.9250140934771
20440,703.4990117397454
20441,719.8875234485931
20442,737.6048334041043
20443,782.6732406034364
20444,752.1219542489007
20445,702.0262603496926
20446,704.5731236557974
20447,687.9188522976174
20448,607.5088056222252
20449,484.8238101166282
20450,410.3102727196173
20451,339.0247196288518
20452,285.358131045754
20453,255.44259755877647
20454,274.67015625249985
20455,318.5448325755151
20456,366.82425002544755
20457,474.0170800478936
20458,672.8134112024222
20459,745.9018852936662
20460,753.8045090801937
20461,666.6813206139694
20462,712.8447349735206
20463,703.8409259052639
20464,685.8764915052891
20465,701.8544740244972
20466,719.1279686398575
20467,763.0674205676806
20468,733.2814382903176
20469,684.4406322653864
20470,686.9236971163444
20471,670.6866121779065
20472,595.6846788809878
20473,475.38753837054685
20474,402.3242803801328
20475,332.4261794658031
20476,279.80411984969936
20477,250.47084139541963
20478,269.3241683268786
20479,312.34489861853916
20480,359.6846392347566
20481,464.7911429419171
20482,659.7182412663857
20483,731.3841723870904
20484,739.1329850282067
20485,653.7055014027875
20486,698.970423333679
20487,690.1418581114237
20488,672.5270709053895
20489,688.1940691415255
20490,705.131364531943
20491,748.215609681318
20492,719.0093609424657
20493,671.1191582260601
20494,673.5538944384327
20495,657.6328367714408
20496,482.371033124168
20497,384.9573207908043
20498,325.79246312406053
20499,269.1906730380697
20500,226.57860299150585
20501,202.8252241745617
20502,218.092191938177
20503,252.929337918711
20504,291.26391390910214
20505,376.37661628132753
20506,534.2238618732456
20507,592.2571980662124
20508,598.5319989662497
20509,529.354890683053
20510,566.0093287275326
20511,558.8601703250313
20512,544.596142049537
20513,557.2828979676447
20514,570.9983097710045
20515,605.8868885458014
20516,582.236375317382
20517,543.456048443382
20518,545.427638890115
20519,532.5351517949573
20520,476.21526214746154
20521,380.04469349797785
20522,321.63486730836706
20523,265.7554001495725
20524,223.6871234198485
20525,200.23687300382227
20526,215.30901157868448
20527,249.70158382362467
20528,287.5469536758328
20529,371.5734915252455
20530,527.4063717708977
20531,584.699116381687
20532,590.8938415006085
20533,522.5995358862704
20534,558.7862088487129
20535,551.7282843279746
20536,537.6462862434321
20537,550.1711403090106
20538,563.711523082609
20539,598.1548717629505
20540,574.8061742177258
20541,536.5207419253761
20542,538.4671719490809
20543,525.7392121418987
20544,623.6432422684999
20545,497.69993467077416
20546,421.2074400351262
20547,348.0286596701328
20548,292.9367745884455
20549,262.22673363866534
20550,281.96494472908716
20551,327.0048604345743
20552,376.56649996088834
20553,486.60619559075656
20554,690.6822309748221
20555,765.7118149625559
20556,773.8243194646273
20557,684.3872821262206
20558,731.7767209935105
20559,722.5337855362327
20560,704.0922452473718
20561,720.4945767542912
20562,738.2268270320419
20563,783.333238676071
20564,752.7561896033733
20565,702.6182519430329
20566,705.1672629204596
20567,688.4989476593744
20568,617.5090880328684
20569,492.80455866825537
20570,417.0644441245594
20571,344.6054501616466
20572,290.05544880019886
20573,259.64747177896106
20574,279.19153784710437
20575,323.7884409919289
20576,372.8625922871201
20577,481.81993759346
20578,683.8886813210194
20579,758.1802744043028
20580,766.2129843211367
20581,677.6556495822742
20582,724.5789659817015
20583,715.4269440272762
20584,697.1667947081355
20585,713.4077929006403
20586,730.9656287844294
20587,775.6283738138186
20588,745.3520805617085
20589,695.7072996002946
20590,698.2312385085893
20591,681.7268727778281
20592,631.7405242394576
20593,504.1619893116572
20594,426.6763286224914
20595,352.54740692869814
20596,296.74021781165334
20597,265.6314427073821
20598,285.62593150590527
20599,331.25063811859263
20600,381.4557778754676
20601,492.92421093584545
20602,699.6499362227618
20603,775.6536920711613
20604,783.8715280063209
20605,693.2732547867366
20606,741.2779903861101
20607,731.915046164904
20608,713.2340639297879
20609,729.84936062929
20610,747.8118435476708
20611,793.5039094713024
20612,762.5298529889184
20613,711.7409325371965
20614,714.3230394567138
20615,697.4383055134365
20616,616.1315387261673
20617,491.70520225182554
20618,416.1340499862582
20619,343.8366987243717
20620,289.4083883922744
20621,259.06824598023604
20622,278.5687128282479
20623,323.0661284769388
20624,372.0308043580774
20625,480.745085848199
20626,682.3630513390937
20627,756.4889135294577
20628,764.5037039464956
20629,676.1439243488239
20630,722.9625634516302
20631,713.8309579764805
20632,695.6115436951268
20633,711.8163112049845
20634,729.3349787832091
20635,773.8980894353188
20636,743.6893370301162
20637,694.1553044526859
20638,696.6736129170557
20639,680.206065393525
20640,604.3074119850897
20641,482.2689305058718
20642,408.1480576468818
20643,337.23815856141215
20644,283.8543771962949
20645,254.0964898169464
20646,273.22272490269887
20647,316.86619452004663
20648,364.8911935674829
20649,471.51914874234717
20650,669.267881403234
20651,741.9712006230782
20652,749.832179894707
20653,663.1681051378174
20654,709.0882518119763
20655,700.1318901828256
20656,682.2621230954076
20657,698.1559063221974
20658,715.3383746754839
20659,759.0462785491568
20660,729.4172596824573
20661,680.8338304135398
20662,683.3038102393247
20663,667.1522899872359
20664,490.99376622812895
20665,391.83871292601685
20666,331.6162403907143
20667,274.00265213360007
20668,230.62886033803517
20669,206.45087259602926
20670,221.9907485139336
20671,257.4506338201446
20672,296.47046824174333
20673,383.1046220816477
20674,543.773502009938
20675,602.8442263020272
20676,609.2311938325752
20677,538.8174944179283
20678,576.1271572056646
20679,568.8502023962698
20680,554.3311942393959
20681,567.2447351481538
20682,581.2053199143786
20683,616.7175574134633
20684,592.6442740572035
20685,553.1707206307028
20686,555.1775546908477
20687,542.0546050105968
20688,484.83799525154666
20689,386.9260856332895
20690,327.45864457510464
20691,270.5673792451722
20692,227.73738076643608
20693,203.86252142534198
20694,219.2075681544972
20695,254.22287972512333
20696,292.753508008549
20697,378.30149732566247
20698,536.9560119077275
20699,595.2861446176539
20700,601.5930363670878
20701,532.0621396212819
20702,568.9040373269904
20703,561.7183163993569
20704,547.3813384334312
20705,560.1329774896631
20706,573.91853322613
20707,608.9855406307682
20708,585.2140729576971
20709,546.2354141128367
20710,548.2170877499539
20711,535.2586653576753
20712,632.2659753724757
20713,504.5813268059985
20714,427.03121730179
20715,352.84063876567154
20716,296.9870319349817
20717,265.8523820601391
20718,285.8635013048505
20719,331.52615633601573
20720,381.7730542935385
20721,493.33420139108824
20722,700.2318711115311
20723,776.2988431983889
20724,784.523514330971
20725,693.8498858611123
20726,741.8945494716598
20727,732.5238176074885
20728,713.8272974372476
20729,730.4564139348174
20730,748.4338371754335
20731,794.1639075437515
20732,763.1640883432127
20733,712.3329241303704
20734,714.917178721209
20735,698.0184008750305
20736,626.1318211369404
20737,499.68595080355647
20738,422.88822139128814
20739,349.41742925723895
20740,294.10570614678034
20741,263.27312020047526
20742,283.0900944229112
20743,328.30973689342073
20744,378.06914661982836
20745,488.5479433938667
20746,693.4383214578347
20747,768.767302640254
20748,776.9121791876
20749,687.1182533172714
20750,734.6967944599637
20751,725.4169760986434
20752,706.9018468981199
20753,723.3696300812777
20754,741.1726389279349
20755,786.4590426816198
20756,755.7599793016641
20757,705.4219717877406
20758,707.9811543094477
20759,691.2463259935904
20760,640.363257343445
20761,511.04338144689075
20762,432.50010588916297
20763,357.35938602424324
20764,300.790475158195
20765,269.25709112886074
20766,289.5244880816738
20767,335.7719340200401
20768,386.6623322081247
20769,499.6522167361862
20770,709.1995763594833
20771,786.2407203070084
20772,794.570722872679
20773,702.7358585216409
20774,751.395818864273
20775,741.905078236173
20776,722.9691161196766
20777,739.8111978098295
20778,758.0188536910761
20779,804.3345783389973
20780,772.9377517287718
20781,721.455604724547
20782,724.0729552574763
20783,706.9577587291051
20784,624.7542718302293
20785,498.58659438711874
20786,421.9578272529802
20787,348.64867781995844
20788,293.45864573885115
20789,262.69389440174604
20790,282.46726940405017
20791,327.58742437842534
20792,377.2373586907796
20793,487.4730916485979
20794,691.9126914758979
20795,767.0759417653965
20796,775.2028988129465
20797,685.6065280838102
20798,733.0803919298806
20799,723.8209900478361
20800,705.3465958850998
20801,721.7781483856102
20802,739.5419889267027
20803,784.7287583031073
20804,754.0972357700598
20805,703.8699766401205
20806,706.4235287179026
20807,689.7255186092762
20808,612.9301450890861
20809,489.15032264111255
20810,413.9718349135594
20811,342.0501376569623
20812,287.9046345428408
20813,257.7221382384288
20814,277.1212814784715
20815,321.38749042149885
20816,370.09774790014546
20817,478.24715454269494
20818,678.8175215399656
20819,752.5582288589364
20820,760.5313747610764
20821,672.6307088727316
20822,719.2060802901498
20823,710.1219222541051
20824,691.9971752853065
20825,708.1177435027473
20826,725.5453848188998
20827,769.8769474168631
20828,739.8251584223216
20829,690.5485026009004
20830,693.0537260400974
20831,676.6717432029147
20832,499.61649933218337
20833,398.720105061304
20834,337.4400176574312
20835,278.8146312291826
20836,234.67911768460834
20837,210.07652101753607
20838,225.88930508973243
20839,261.97192972162725
20840,301.67702257444097
20841,389.8326278820407
20842,553.3231421467339
20843,613.4312545379566
20844,619.9303886990167
20845,548.2800981529061
20846,586.2449856839062
20847,578.8402344676166
20848,564.0662464293605
20849,577.2065723287708
20850,591.4123300578632
20851,627.5482262812424
20852,603.0521727971377
20853,562.8853928181289
20854,564.927470491686
20855,551.5740582263395
20856,493.46072835554986
20857,393.8074777685357
20858,333.282421841787
20859,275.3793583407262
20860,231.7876381129852
20861,207.4881698468273
20862,223.10612473027288
20863,258.74417562657914
20864,297.9600623412157
20865,385.0295031260156
20866,546.5056520444667
20867,605.8731728535206
20868,612.2922312334658
20869,541.5247433562035
20870,579.021865805172
20871,571.7083484706444
20872,557.1163906233379
20873,570.094814670221
20874,584.1255433695541
20875,619.8162094984831
20876,595.6219716975696
20877,555.950086300205
20878,557.9670035507343
20879,544.7781185733616
20880,640.8887084765239
20881,511.4627189412806
20882,432.85499456850255
20883,357.6526178612505
20884,301.0372892815519
20885,269.47803048164326
20886,289.76205788064647
20887,336.04745223749507
20888,386.97960862623233
20889,500.0622071914764
20890,709.7815112483198
20891,786.8858714343106
20892,795.2227091974048
20893,703.3124895960832
20894,752.012377949894
20895,742.513849678828
20896,723.562349627205
20897,740.4182511154272
20898,758.6408473189108
20899,804.9945764115228
20900,773.5719870831394
20901,722.0475963177894
20902,724.6670945220403
20903,707.5378540907662
20904,634.7545542409489
20905,506.567342938807
20906,428.71199865797405
20907,354.2294083527959
20908,298.1559634933319
20909,266.89876862196274
20910,286.98865099868925
20911,332.83103279487926
20912,383.27570095249825
20913,495.275949194224
20914,702.9879615945797
20915,779.354330876127
20916,787.6113740539845
20917,696.5808570521988
20918,744.8146229381514
20919,735.4070081699371
20920,716.6368990880325
20921,733.3314672618417
20922,751.3796490713652
20923,797.2897115493413
20924,766.167878041543
20925,715.1366439751149
20926,717.731070110234
20927,700.7657792092824
20928,648.9859904474883
20929,517.9247735821691
20930,438.32388315587247
20931,362.1713651198196
20932,304.8407325047631
20933,272.8827395503629
20934,293.42304465746764
20935,340.2932299215169
20936,391.86888654081565
20937,506.38022253657056
20938,718.749216496267
20939,796.8277485429244
20940,805.2699177391066
20941,712.1984622566066
20942,761.5136473425017
20943,751.8951103075071
20944,732.7041683096286
20945,749.7730349904339
20946,768.2258638345477
20947,815.1652472067628
20948,783.3456504686928
20949,731.1702769119607
20950,733.8228710583021
20951,716.4772119448357
20952,633.377004934242
20953,505.46798652237254
20954,427.7816045196689
20955,353.4606569155177
20956,297.50890308540477
20957,266.31954282323534
20958,286.36582597983016
20959,332.1087202798861
20960,382.443913023452
20961,494.2010974489584
20962,701.4623316126475
20963,777.6629700012746
20964,785.9020936793362
20965,695.0691318187421
20966,743.1982204080733
20967,733.8110221191346
20968,715.0816480750171
20969,731.739985566179
20970,749.748999070138
20971,795.559427170834
20972,764.5051345099437
20973,713.5846488274996
20974,716.1734445186937
20975,699.2449718249729
20976,621.5528781931257
20977,496.03171477638796
20978,419.79561218026635
20979,346.8621167525366
20980,291.954891889407
20981,261.3477866599294
20982,281.0198380542637
20983,325.9087863229737
20984,375.3043022328342
20985,484.9751603430765
20986,688.3671616767451
20987,763.1452570948477
20988,771.2305696274996
20989,682.0933126076932
20990,729.323908768374
20991,720.1119543254348
20992,701.7322274752544
20993,718.0795806833473
20994,735.752394962367
20995,780.7076162846238
20996,750.2330571622381
20997,700.2631747883099
20998,702.803641840919
20999,686.1911964186411
21000,508.23923243619925
21001,405.6014971965603
21002,343.263794924122
21003,283.62661032474364
21004,238.72937503116344
21005,213.70216943902665
21006,229.78786166551387
21007,266.49322562308964
21008,306.8835769071153
21009,396.5606336824037
21010,562.8727822834869
21011,624.0182827738388
21012,630.6295835654101
21013,557.7427018878416
21014,596.3628141621025
21015,588.8302665389187
21016,573.8012986192814
21017,587.1684095093433
21018,601.6193402013022
21019,638.3788951489731
21020,613.4600715370254
21021,572.6000650055116
21022,574.6773862924806
21023,561.0935114420397
21024,502.0834614595867
21025,400.6888699038088
21026,339.10619910849204
21027,280.1913374362989
21028,235.83789545955017
21029,211.11381826832672
21030,227.0046813060638
21031,263.26547152805256
21032,303.16661667390275
21033,391.75750892639496
21034,556.0552921812432
21035,616.4602010894286
21036,622.9914260998854
21037,550.9873470911621
21038,589.1396942833928
21039,581.6983805419709
21040,566.8514428132826
21041,580.0566518508177
21042,594.332553513018
21043,630.6468783662402
21044,606.0298704374827
21045,565.6647584876114
21046,567.7169193515527
21047,554.2975717890849
21048,649.5114415805422
21049,518.344111076539
21050,438.6787718351951
21051,362.46459695681295
21052,305.0875466281082
21053,273.10367890313495
21054,293.660614456429
21055,340.56874813895877
21056,392.1861629589083
21057,506.7902129918413
21058,719.3311513850757
21059,797.472899670196
21060,805.9219040638014
21061,712.7750933310215
21062,762.1302064280933
21063,752.503881750133
21064,733.2974018171287
21065,750.3800882960027
21066,768.8478574623527
21067,815.8252452792567
21068,783.9798858230303
21069,731.7622685051749
21070,734.4170103228378
21071,717.0573073064693
21072,643.3772873449836
21073,513.4487350740783
21074,434.5357759246775
21075,359.0413874483674
21076,302.2062208398959
21077,270.5244170434613
21078,290.8872075744792
21079,337.35232869635155
21080,388.482255285184
21081,502.0039549946016
21082,712.5376017313537
21083,789.9413591120324
21084,798.3105689204015
21085,706.043460787155
21086,754.9324514163698
21087,745.397040241261
21088,726.3719512779747
21089,743.293304442436
21090,761.5866592148266
21091,808.1203804170957
21092,776.5757767814534
21093,724.8513161625187
21094,727.48098591105
21095,710.2852324250034
21096,657.6087235515087
21097,524.8061657174289
21098,444.1476604225663
21099,366.9833442153831
21100,308.8909898513202
21101,276.50838797185537
21102,297.3216012332511
21103,344.81452582298164
21104,397.07544087349277
21105,513.108228336937
21106,728.298856633025
21107,807.414776778812
21108,815.9691126055059
21109,721.661065991547
21110,771.6314758207033
21111,761.8851423788144
21112,742.4392204995546
21113,759.7348721710115
21114,778.432873977992
21115,825.9959160744991
21116,793.7535492085858
21117,740.8849490993484
21118,743.5727868591019
21119,725.9966651605409
21120,641.9997380382749
21121,512.3493786576425
21122,433.60538178637137
21123,358.2726360110883
21124,301.5591604319679
21125,269.9451912447331
21126,290.26438255561936
21127,336.6300161813575
21128,387.6504673561368
21129,500.9291032493348
21130,711.0119717494197
21131,788.2499982371779
21132,796.6012885457511
21133,704.5317355536964
21134,753.3160488862898
21135,743.8010541904565
21136,724.8167002649575
21137,741.7018227467713
21138,759.9560092135973
21139,806.3900960385863
21140,774.9130332498521
21141,723.2993210149016
21142,725.9233603195079
21143,708.7644250406921
21144,630.1756112971477
21145,502.9131069116491
21146,425.61938944696124
21147,351.67409584810105
21148,296.00514923596495
21149,264.9734350814225
21150,284.9183946300478
21151,330.4300822244393
21152,380.5108565655122
21153,491.70316614344415
21154,697.9168018135049
21155,773.7322853307373
21156,781.9297644939006
21157,691.5559163426353
21158,739.4417372465774
21159,730.101986396744
21160,711.4672796651821
21161,728.0414178639269
21162,745.9594051058132
21163,791.538285152362
21164,760.6409559021331
21165,709.9778469756993
21166,712.5535576417207
21167,695.710649634348
21168,
21169,
21170,
21171,
21172,
21173,
21174,
21175,
21176,
21177,
21178,
21179,
21180,
21181,
21182,
21183,
21184,
21185,
21186,
21187,
21188,
21189,
21190,
21191,
21192,
21193,
21194,
21195,
21196,
21197,
21198,
21199,
21200,
21201,
21202,
21203,
21204,
21205,
21206,
21207,
21208,
21209,
21210,
21211,
21212,
21213,
21214,
21215,
21216,
21217,
21218,
21219,
21220,
21221,
21222,
21223,
21224,
21225,
21226,
21227,
21228,
21229,
21230,
21231,
21232,
21233,
21234,
21235,
21236,
21237,
21238,
21239,
21240,
21241,
21242,
21243,
21244,
21245,
21246,
21247,
21248,
21249,
21250,
21251,
21252,
21253,
21254,
21255,
21256,
21257,
21258,
21259,
21260,
21261,
21262,
21263,
21264,
21265,
21266,
21267,
21268,
21269,
21270,
21271,
21272,
21273,
21274,
21275,
21276,
21277,
21278,
21279,
21280,
21281,
21282,
21283,
21284,
21285,
21286,
21287,
21288,
21289,
21290,
21291,
21292,
21293,
21294,
21295,
21296,
21297,
21298,
21299,
21300,
21301,
21302,
21303,
21304,
21305,
21306,
21307,
21308,
21309,
21310,
21311,
21312,
21313,
21314,
21315,
21316,
21317,
21318,
21319,
21320,
21321,
21322,
21323,
21324,
21325,
21326,
21327,
21328,
21329,
21330,
21331,
21332,
21333,
21334,
21335,
21336,
21337,
21338,
21339,
21340,
21341,
21342,
21343,
21344,
21345,
21346,
21347,
21348,
21349,
21350,
21351,
21352,
21353,
21354,
21355,
21356,
21357,
21358,
21359,
21360,
21361,
21362,
21363,
21364,
21365,
21366,
21367,
21368,
21369,
21370,
21371,
21372,
21373,
21374,
21375,
21376,
21377,
21378,
21379,
21380,
21381,
21382,
21383,
21384,
21385,
21386,
21387,
21388,
21389,
21390,
21391,
21392,
21393,
21394,
21395,
21396,
21397,
21398,
21399,
21400,
21401,
21402,
21403,
21404,
21405,
21406,
21407,
21408,
21409,
21410,
21411,
21412,
21413,
21414,
21415,
21416,
21417,
21418,
21419,
21420,
21421,
21422,
21423,
21424,
21425,
21426,
21427,
21428,
21429,
21430,
21431,
21432,
21433,
21434,
21435,
21436,
21437,
21438,
21439,
21440,
21441,
21442,
21443,
21444,
21445,
21446,
21447,
21448,
21449,
21450,
21451,
21452,
21453,
21454,
21455,
21456,
21457,
21458,
21459,
21460,
21461,
21462,
21463,
21464,
21465,
21466,
21467,
21468,
21469,
21470,
21471,
21472,
21473,
21474,
21475,
21476,
21477,
21478,
21479,
21480,
21481,
21482,
21483,
21484,
21485,
21486,
21487,
21488,
21489,
21490,
21491,
21492,
21493,
21494,
21495,
21496,
21497,
21498,
21499,
21500,
21501,
21502,
21503,
21504,
21505,
21506,
21507,
21508,
21509,
21510,
21511,
21512,
21513,
21514,
21515,
21516,
21517,
21518,
21519,
21520,
21521,
21522,
21523,
21524,
21525,
21526,
21527,
21528,
21529,
21530,
21531,
21532,
21533,
21534,
21535,
21536,
21537,
21538,
21539,
21540,
21541,
21542,
21543,
21544,
21545,
21546,
21547,
21548,
21549,
21550,
21551,
21552,
21553,
21554,
21555,
21556,
21557,
21558,
21559,
21560,
21561,
21562,
21563,
21564,
21565,
21566,
21567,
21568,
21569,
21570,
21571,
21572,
21573,
21574,
21575,
21576,
21577,
21578,
21579,
21580,
21581,
21582,
21583,
21584,
21585,
21586,
21587,
21588,
21589,
21590,
21591,
21592,
21593,
21594,
21595,
21596,
21597,
21598,
21599,
21600,
21601,
21602,
21603,
21604,
21605,
21606,
21607,
21608,
21609,
21610,
21611,
21612,
21613,
21614,
21615,
21616,
21617,
21618,
21619,
21620,
21621,
21622,
21623,
21624,
21625,
21626,
21627,
21628,
21629,
21630,
21631,
21632,
21633,
21634,
21635,
21636,
21637,
21638,
21639,
21640,
21641,
21642,
21643,
21644,
21645,
21646,
21647,
21648,
21649,
21650,
21651,
21652,
21653,
21654,
21655,
21656,
21657,
21658,
21659,
21660,
21661,
21662,
21663,
21664,
21665,
21666,
21667,
21668,
21669,
21670,
21671,
21672,
21673,
21674,
21675,
21676,
21677,
21678,
21679,
21680,
21681,
21682,
21683,
21684,
21685,
21686,
21687,
21688,
21689,
21690,
21691,
21692,
21693,
21694,
21695,
21696,
21697,
21698,
21699,
21700,
21701,
21702,
21703,
21704,
21705,
21706,
21707,
21708,
21709,
21710,
21711,
21712,
21713,
21714,
21715,
21716,
21717,
21718,
21719,
21720,
21721,
21722,
21723,
21724,
21725,
21726,
21727,
21728,
21729,
21730,
21731,
21732,
21733,
21734,
21735,
21736,
21737,
21738,
21739,
21740,
21741,
21742,
21743,
21744,
21745,
21746,
21747,
21748,
21749,
21750,
21751,
21752,
21753,
21754,
21755,
21756,
21757,
21758,
21759,
21760,
21761,
21762,
21763,
21764,
21765,
21766,
21767,
21768,
21769,
21770,
21771,
21772,
21773,
21774,
21775,
21776,
21777,
21778,
21779,
21780,
21781,
21782,
21783,
21784,
21785,
21786,
21787,
21788,
21789,
21790,
21791,
21792,
21793,
21794,
21795,
21796,
21797,
21798,
21799,
21800,
21801,
21802,
21803,
21804,
21805,
21806,
21807,
21808,
21809,
21810,
21811,
21812,
21813,
21814,
21815,
21816,
21817,
21818,
21819,
21820,
21821,
21822,
21823,
21824,
21825,
21826,
21827,
21828,
21829,
21830,
21831,
21832,
21833,
21834,
21835,
21836,
21837,
21838,
21839,
21840,
21841,
21842,
21843,
21844,
21845,
21846,
21847,
21848,
21849,
21850,
21851,
21852,
21853,
21854,
21855,
21856,
21857,
21858,
21859,
21860,
21861,
21862,
21863,
21864,
21865,
21866,
21867,
21868,
21869,
21870,
21871,
21872,
21873,
21874,
21875,
21876,
21877,
21878,
21879,
21880,
21881,
21882,
21883,
21884,
21885,
21886,
21887,
21888,
21889,
21890,
21891,
21892,
21893,
21894,
21895,
21896,
21897,
21898,
21899,
21900,
21901,
21902,
21903,
21904,
21905,
21906,
21907,
21908,
21909,
21910,
21911,
21912,
21913,
21914,
21915,
21916,
21917,
21918,
21919,
21920,
21921,
21922,
21923,
21924,
21925,
21926,
21927,
21928,
21929,
21930,
21931,
21932,
21933,
21934,
21935,
21936,
21937,
21938,
21939,
21940,
21941,
21942,
21943,
21944,
21945,
21946,
21947,
21948,
21949,
21950,
21951,
21952,
21953,
21954,
21955,
21956,
21957,
21958,
21959,
21960,
21961,
21962,
21963,
21964,
21965,
21966,
21967,
21968,
21969,
21970,
21971,
21972,
21973,
21974,
21975,
21976,
21977,
21978,
21979,
21980,
21981,
21982,
21983,
21984,
21985,
21986,
21987,
21988,
21989,
21990,
21991,
21992,
21993,
21994,
21995,
21996,
21997,
21998,
21999,
22000,
22001,
22002,
22003,
22004,
22005,
22006,
22007,
22008,
22009,
22010,
22011,
22012,
22013,
22014,
22015,
22016,
22017,
22018,
22019,
22020,
22021,
22022,
22023,
22024,
22025,
22026,
22027,
22028,
22029,
22030,
22031,
22032,
22033,
22034,
22035,
22036,
22037,
22038,
22039,
22040,
22041,
22042,
22043,
22044,
22045,
22046,
22047,
22048,
22049,
22050,
22051,
22052,
22053,
22054,
22055,
22056,
22057,
22058,
22059,
22060,
22061,
22062,
22063,
22064,
22065,
22066,
22067,
22068,
22069,
22070,
22071,
22072,
22073,
22074,
22075,
22076,
22077,
22078,
22079,
22080,
22081,
22082,
22083,
22084,
22085,
22086,
22087,
22088,
22089,
22090,
22091,
22092,
22093,
22094,
22095,
22096,
22097,
22098,
22099,
22100,
22101,
22102,
22103,
22104,
22105,
22106,
22107,
22108,
22109,
22110,
22111,
22112,
22113,
22114,
22115,
22116,
22117,
22118,
22119,
22120,
22121,
22122,
22123,
22124,
22125,
22126,
22127,
22128,
22129,
22130,
22131,
22132,
22133,
22134,
22135,
22136,
22137,
22138,
22139,
22140,
22141,
22142,
22143,
22144,
22145,
22146,
22147,
22148,
22149,
22150,
22151,
22152,
22153,
22154,
22155,
22156,
22157,
22158,
22159,
22160,
22161,
22162,
22163,
22164,
22165,
22166,
22167,
22168,
22169,
22170,
22171,
22172,
22173,
22174,
22175,
22176,
22177,
22178,
22179,
22180,
22181,
22182,
22183,
22184,
22185,
22186,
22187,
22188,
22189,
22190,
22191,
22192,
22193,
22194,
22195,
22196,
22197,
22198,
22199,
22200,
22201,
22202,
22203,
22204,
22205,
22206,
22207,
22208,
22209,
22210,
22211,
22212,
22213,
22214,
22215,
22216,
22217,
22218,
22219,
22220,
22221,
22222,
22223,
22224,
22225,
22226,
22227,
22228,
22229,
22230,
22231,
22232,
22233,
22234,
22235,
22236,
22237,
22238,
22239,
22240,
22241,
22242,
22243,
22244,
22245,
22246,
22247,
22248,
22249,
22250,
22251,
22252,
22253,
22254,
22255,
22256,
22257,
22258,
22259,
22260,
22261,
22262,
22263,
22264,
22265,
22266,
22267,
22268,
22269,
22270,
22271,
22272,
22273,
22274,
22275,
22276,
22277,
22278,
22279,
22280,
22281,
22282,
22283,
22284,
22285,
22286,
22287,
22288,
22289,
22290,
22291,
22292,
22293,
22294,
22295,
22296,
22297,
22298,
22299,
22300,
22301,
22302,
22303,
22304,
22305,
22306,
22307,
22308,
22309,
22310,
22311,
22312,
22313,
22314,
22315,
22316,
22317,
22318,
22319,
22320,
22321,
22322,
22323,
22324,
22325,
22326,
22327,
22328,
22329,
22330,
22331,
22332,
22333,
22334,
22335,
22336,
22337,
22338,
22339,
22340,
22341,
22342,
22343,
22344,
22345,
22346,
22347,
22348,
22349,
22350,
22351,
22352,
22353,
22354,
22355,
22356,
22357,
22358,
22359,
22360,
22361,
22362,
22363,
22364,
22365,
22366,
22367,
22368,
22369,
22370,
22371,
22372,
22373,
22374,
22375,
22376,
22377,
22378,
22379,
22380,
22381,
22382,
22383,
22384,
22385,
22386,
22387,
22388,
22389,
22390,
22391,
22392,
22393,
22394,
22395,
22396,
22397,
22398,
22399,
22400,
22401,
22402,
22403,
22404,
22405,
22406,
22407,
22408,
22409,
22410,
22411,
22412,
22413,
22414,
22415,
22416,
22417,
22418,
22419,
22420,
22421,
22422,
22423,
22424,
22425,
22426,
22427,
22428,
22429,
22430,
22431,
22432,
22433,
22434,
22435,
22436,
22437,
22438,
22439,
22440,
22441,
22442,
22443,
22444,
22445,
22446,
22447,
22448,
22449,
22450,
22451,
22452,
22453,
22454,
22455,
22456,
22457,
22458,
22459,
22460,
22461,
22462,
22463,
22464,
22465,
22466,
22467,
22468,
22469,
22470,
22471,
22472,
22473,
22474,
22475,
22476,
22477,
22478,
22479,
22480,
22481,
22482,
22483,
22484,
22485,
22486,
22487,
22488,
22489,
22490,
22491,
22492,
22493,
22494,
22495,
22496,
22497,
22498,
22499,
22500,
22501,
22502,
22503,
22504,
22505,
22506,
22507,
22508,
22509,
22510,
22511,
22512,
22513,
22514,
22515,
22516,
22517,
22518,
22519,
22520,
22521,
22522,
22523,
22524,
22525,
22526,
22527,
22528,
22529,
22530,
22531,
22532,
22533,
22534,
22535,
22536,
22537,
22538,
22539,
22540,
22541,
22542,
22543,
22544,
22545,
22546,
22547,
22548,
22549,
22550,
22551,
22552,
22553,
22554,
22555,
22556,
22557,
22558,
22559,
22560,
22561,
22562,
22563,
22564,
22565,
22566,
22567,
22568,
22569,
22570,
22571,
22572,
22573,
22574,
22575,
22576,
22577,
22578,
22579,
22580,
22581,
22582,
22583,
22584,
22585,
22586,
22587,
22588,
22589,
22590,
22591,
22592,
22593,
22594,
22595,
22596,
22597,
22598,
22599,
22600,
22601,
22602,
22603,
22604,
22605,
22606,
22607,
22608,
22609,
22610,
22611,
22612,
22613,
22614,
22615,
22616,
22617,
22618,
22619,
22620,
22621,
22622,
22623,
22624,
22625,
22626,
22627,
22628,
22629,
22630,
22631,
22632,
22633,
22634,
22635,
22636,
22637,
22638,
22639,
22640,
22641,
22642,
22643,
22644,
22645,
22646,
22647,
22648,
22649,
22650,
22651,
22652,
22653,
22654,
22655,
22656,
22657,
22658,
22659,
22660,
22661,
22662,
22663,
22664,
22665,
22666,
22667,
22668,
22669,
22670,
22671,
22672,
22673,
22674,
22675,
22676,
22677,
22678,
22679,
22680,
22681,
22682,
22683,
22684,
22685,
22686,
22687,
22688,
22689,
22690,
22691,
22692,
22693,
22694,
22695,
22696,
22697,
22698,
22699,
22700,
22701,
22702,
22703,
22704,
22705,
22706,
22707,
22708,
22709,
22710,
22711,
22712,
22713,
22714,
22715,
22716,
22717,
22718,
22719,
22720,
22721,
22722,
22723,
22724,
22725,
22726,
22727,
22728,
22729,
22730,
22731,
22732,
22733,
22734,
22735,
22736,
22737,
22738,
22739,
22740,
22741,
22742,
22743,
22744,
22745,
22746,
22747,
22748,
22749,
22750,
22751,
22752,
22753,
22754,
22755,
22756,
22757,
22758,
22759,
22760,
22761,
22762,
22763,
22764,
22765,
22766,
22767,
22768,
22769,
22770,
22771,
22772,
22773,
22774,
22775,
22776,
22777,
22778,
22779,
22780,
22781,
22782,
22783,
22784,
22785,
22786,
22787,
22788,
22789,
22790,
22791,
22792,
22793,
22794,
22795,
22796,
22797,
22798,
22799,
22800,
22801,
22802,
22803,
22804,
22805,
22806,
22807,
22808,
22809,
22810,
22811,
22812,
22813,
22814,
22815,
22816,
22817,
22818,
22819,
22820,
22821,
22822,
22823,
22824,
22825,
22826,
22827,
22828,
22829,
22830,
22831,
22832,
22833,
22834,
22835,
22836,
22837,
22838,
22839,
22840,
22841,
22842,
22843,
22844,
22845,
22846,
22847,
22848,
22849,
22850,
22851,
22852,
22853,
22854,
22855,
22856,
22857,
22858,
22859,
22860,
22861,
22862,
22863,
22864,
22865,
22866,
22867,
22868,
22869,
22870,
22871,
22872,
22873,
22874,
22875,
22876,
22877,
22878,
22879,
22880,
22881,
22882,
22883,
22884,
22885,
22886,
22887,
22888,
22889,
22890,
22891,
22892,
22893,
22894,
22895,
22896,
22897,
22898,
22899,
22900,
22901,
22902,
22903,
22904,
22905,
22906,
22907,
22908,
22909,
22910,
22911,
22912,
22913,
22914,
22915,
22916,
22917,
22918,
22919,
22920,
22921,
22922,
22923,
22924,
22925,
22926,
22927,
22928,
22929,
22930,
22931,
22932,
22933,
22934,
22935,
22936,
22937,
22938,
22939,
22940,
22941,
22942,
22943,
22944,
22945,
22946,
22947,
22948,
22949,
22950,
22951,
22952,
22953,
22954,
22955,
22956,
22957,
22958,
22959,
22960,
22961,
22962,
22963,
22964,
22965,
22966,
22967,
22968,
22969,
22970,
22971,
22972,
22973,
22974,
22975,
22976,
22977,
22978,
22979,
22980,
22981,
22982,
22983,
22984,
22985,
22986,
22987,
22988,
22989,
22990,
22991,
22992,
22993,
22994,
22995,
22996,
22997,
22998,
22999,
23000,
23001,
23002,
23003,
23004,
23005,
23006,
23007,
23008,
23009,
23010,
23011,
23012,
23013,
23014,
23015,
23016,
23017,
23018,
23019,
23020,
23021,
23022,
23023,
23024,
23025,
23026,
23027,
23028,
23029,
23030,
23031,
23032,
23033,
23034,
23035,
23036,
23037,
23038,
23039,
23040,
23041,
23042,
23043,
23044,
23045,
23046,
23047,
23048,
23049,
23050,
23051,
23052,
23053,
23054,
23055,
23056,
23057,
23058,
23059,
23060,
23061,
23062,
23063,
23064,
23065,
23066,
23067,
23068,
23069,
23070,
23071,
23072,
23073,
23074,
23075,
23076,
23077,
23078,
23079,
23080,
23081,
23082,
23083,
23084,
23085,
23086,
23087,
23088,
23089,
23090,
23091,
23092,
23093,
23094,
23095,
23096,
23097,
23098,
23099,
23100,
23101,
23102,
23103,
23104,
23105,
23106,
23107,
23108,
23109,
23110,
23111,
23112,
23113,
23114,
23115,
23116,
23117,
23118,
23119,
23120,
23121,
23122,
23123,
23124,
23125,
23126,
23127,
23128,
23129,
23130,
23131,
23132,
23133,
23134,
23135,
23136,
23137,
23138,
23139,
23140,
23141,
23142,
23143,
23144,
23145,
23146,
23147,
23148,
23149,
23150,
23151,
23152,
23153,
23154,
23155,
23156,
23157,
23158,
23159,
23160,
23161,
23162,
23163,
23164,
23165,
23166,
23167,
23168,
23169,
23170,
23171,
23172,
23173,
23174,
23175,
23176,
23177,
23178,
23179,
23180,
23181,
23182,
23183,
23184,
23185,
23186,
23187,
23188,
23189,
23190,
23191,
23192,
23193,
23194,
23195,
23196,
23197,
23198,
23199,
23200,
23201,
23202,
23203,
23204,
23205,
23206,
23207,
23208,
23209,
23210,
23211,
23212,
23213,
23214,
23215,
23216,
23217,
23218,
23219,
23220,
23221,
23222,
23223,
23224,
23225,
23226,
23227,
23228,
23229,
23230,
23231,
23232,
23233,
23234,
23235,
23236,
23237,
23238,
23239,
23240,
23241,
23242,
23243,
23244,
23245,
23246,
23247,
23248,
23249,
23250,
23251,
23252,
23253,
23254,
23255,
23256,
23257,
23258,
23259,
23260,
23261,
23262,
23263,
23264,
23265,
23266,
23267,
23268,
23269,
23270,
23271,
23272,
23273,
23274,
23275,
23276,
23277,
23278,
23279,
23280,
23281,
23282,
23283,
23284,
23285,
23286,
23287,
23288,
23289,
23290,
23291,
23292,
23293,
23294,
23295,
23296,
23297,
23298,
23299,
23300,
23301,
23302,
23303,
23304,
23305,
23306,
23307,
23308,
23309,
23310,
23311,
23312,
23313,
23314,
23315,
23316,
23317,
23318,
23319,
23320,
23321,
23322,
23323,
23324,
23325,
23326,
23327,
23328,
23329,
23330,
23331,
23332,
23333,
23334,
23335,
23336,
23337,
23338,
23339,
23340,
23341,
23342,
23343,
23344,
23345,
23346,
23347,
23348,
23349,
23350,
23351,
23352,
23353,
23354,
23355,
23356,
23357,
23358,
23359,
23360,
23361,
23362,
23363,
23364,
23365,
23366,
23367,
23368,
23369,
23370,
23371,
23372,
23373,
23374,
23375,
23376,
23377,
23378,
23379,
23380,
23381,
23382,
23383,
23384,
23385,
23386,
23387,
23388,
23389,
23390,
23391,
23392,
23393,
23394,
23395,
23396,
23397,
23398,
23399,
